event_id,title,category,genre,venue,days,start,duration_minutes,base_price,min_age,max_tickets_per_order,refund_cutoff_hours,popularity
OPN,Open Mic Night,comedy,open mic,LNT,23,20:00,120,8,18,8,24,0.6
LLF,Late Laughs,comedy,stand-up,LNT,56,21:30,90,25,18,6,48,1.15
SYM,Aira Symphony Orchestra,concert,classical,ACH,6,19:30,150,45,0,8,72,0.9
CHM,Sunday Chamber Recital,concert,chamber,ACH,7,15:00,90,25,0,8,24,0.5
JAZ,Jazz on the Harbour,concert,jazz,HAM,5,19:00,180,30,0,8,,0.8
TWL,Tidewater Live,concert,rock,CRA,6,20:00,150,70,0,4,,1.3
LEC,Public Lecture: Fire Under Kelvas,lecture,science,UGH,14,18:30,75,0,0,4,0,0.7
TEC,Island Tech Talks,lecture,technology,LDF,3,18:00,90,15,0,6,24,0.75
LHK,The Lighthouse Keeper,theatre,drama,RVP,34567,19:30,140,35,12,8,48,0.85
MAG,Family Magic Matinee,family,magic,RVP,7,14:00,75,18,0,8,24,0.7
FSR,The Salt Road,film,drama,EPH,12,19:00,120,12,0,8,24,0.5
FTS,Tidewater Summer,film,romantic comedy,EPH,56,17:30,100,12,0,8,24,0.6
FSC,Signal from the Caldera,film,sci-fi,EPH,56,20:00,130,14,12,8,24,0.9
FNK,Night Shift on Kelvas,film,thriller,EPH,34,20:30,110,12,12,8,24,0.6
FFM,Fog Over Meghas,film,horror,EPH,4,22:45,95,12,18,8,24,0.7
FCK,Coral Kingdom,film,animation,EPH,67,11:00,95,12,0,8,24,0.9
FBW,Brenzo in Winter,film,documentary,EPH,7,16:00,90,12,0,8,24,0.4
POT,Pottery Wheel Basics,workshop,pottery,OCH,6,10:00,150,45,12,2,48,1.05
COK,Island Cooking Class,workshop,cooking,OCH,4,18:00,120,55,16,2,48,0.9
KIT,Kids' Kite Making,workshop,crafts,OCH,7,10:00,90,15,0,4,24,0.8
